TERRITORIO;TEMPORAL;INDICATOR;OBS_VALUE;FREQ
;2010;EXPO_PROD_TECN_MEDI_Y_ALTA_COMO_PCT_DEL_TOTA_EXPO_PROD;19.310601684;A
;2011;EXPO_PROD_TECN_MEDI_Y_ALTA_COMO_PCT_DEL_TOTA_EXPO_PROD;15.603384948;A
;2012;EXPO_PROD_TECN_MEDI_Y_ALTA_COMO_PCT_DEL_TOTA_EXPO_PROD;15.782122324;A
;2013;EXPO_PROD_TECN_MEDI_Y_ALTA_COMO_PCT_DEL_TOTA_EXPO_PROD;21.287355839;A
;2014;EXPO_PROD_TECN_MEDI_Y_ALTA_COMO_PCT_DEL_TOTA_EXPO_PROD;17.534365014;A
;2015;EXPO_PROD_TECN_MEDI_Y_ALTA_COMO_PCT_DEL_TOTA_EXPO_PROD;21.259561227;A
;2016;EXPO_PROD_TECN_MEDI_Y_ALTA_COMO_PCT_DEL_TOTA_EXPO_PROD;24.468258181;A
;2017;EXPO_PROD_TECN_MEDI_Y_ALTA_COMO_PCT_DEL_TOTA_EXPO_PROD;24.168774566;A
;2018;EXPO_PROD_TECN_MEDI_Y_ALTA_COMO_PCT_DEL_TOTA_EXPO_PROD;22.642701781;A
;2019;EXPO_PROD_TECN_MEDI_Y_ALTA_COMO_PCT_DEL_TOTA_EXPO_PROD;22.815503484;A
;2020;EXPO_PROD_TECN_MEDI_Y_ALTA_COMO_PCT_DEL_TOTA_EXPO_PROD;22.951810358;A
;2021;EXPO_PROD_TECN_MEDI_Y_ALTA_COMO_PCT_DEL_TOTA_EXPO_PROD;21.991103901;A
108;2010;EXPO_PROD_TECN_MEDI_Y_ALTA_COMO_PCT_DEL_TOTA_EXPO_PROD;46.962228324;A
108;2011;EXPO_PROD_TECN_MEDI_Y_ALTA_COMO_PCT_DEL_TOTA_EXPO_PROD;46.493638507;A
108;2012;EXPO_PROD_TECN_MEDI_Y_ALTA_COMO_PCT_DEL_TOTA_EXPO_PROD;43.78033655;A
108;2013;EXPO_PROD_TECN_MEDI_Y_ALTA_COMO_PCT_DEL_TOTA_EXPO_PROD;45.549899954;A
108;2014;EXPO_PROD_TECN_MEDI_Y_ALTA_COMO_PCT_DEL_TOTA_EXPO_PROD;45.070597525;A
108;2015;EXPO_PROD_TECN_MEDI_Y_ALTA_COMO_PCT_DEL_TOTA_EXPO_PROD;47.199859354;A
108;2016;EXPO_PROD_TECN_MEDI_Y_ALTA_COMO_PCT_DEL_TOTA_EXPO_PROD;48.117224823;A
108;2017;EXPO_PROD_TECN_MEDI_Y_ALTA_COMO_PCT_DEL_TOTA_EXPO_PROD;46.00951965;A
108;2018;EXPO_PROD_TECN_MEDI_Y_ALTA_COMO_PCT_DEL_TOTA_EXPO_PROD;45.27947275;A
108;2019;EXPO_PROD_TECN_MEDI_Y_ALTA_COMO_PCT_DEL_TOTA_EXPO_PROD;45.537730412;A
108;2020;EXPO_PROD_TECN_MEDI_Y_ALTA_COMO_PCT_DEL_TOTA_EXPO_PROD;45.81828359;A
108;2021;EXPO_PROD_TECN_MEDI_Y_ALTA_COMO_PCT_DEL_TOTA_EXPO_PROD;43.73180213;A
103;2010;EXPO_PROD_TECN_MEDI_Y_ALTA_COMO_PCT_DEL_TOTA_EXPO_PROD;48.756526299;A
103;2011;EXPO_PROD_TECN_MEDI_Y_ALTA_COMO_PCT_DEL_TOTA_EXPO_PROD;46.765186103;A
103;2012;EXPO_PROD_TECN_MEDI_Y_ALTA_COMO_PCT_DEL_TOTA_EXPO_PROD;46.716371677;A
103;2013;EXPO_PROD_TECN_MEDI_Y_ALTA_COMO_PCT_DEL_TOTA_EXPO_PROD;45.921178131;A
103;2014;EXPO_PROD_TECN_MEDI_Y_ALTA_COMO_PCT_DEL_TOTA_EXPO_PROD;46.993308493;A
103;2015;EXPO_PROD_TECN_MEDI_Y_ALTA_COMO_PCT_DEL_TOTA_EXPO_PROD;48.616505621;A
103;2016;EXPO_PROD_TECN_MEDI_Y_ALTA_COMO_PCT_DEL_TOTA_EXPO_PROD;49.047151037;A
103;2017;EXPO_PROD_TECN_MEDI_Y_ALTA_COMO_PCT_DEL_TOTA_EXPO_PROD;47.991938714;A
103;2018;EXPO_PROD_TECN_MEDI_Y_ALTA_COMO_PCT_DEL_TOTA_EXPO_PROD;48.004351597;A
103;2019;EXPO_PROD_TECN_MEDI_Y_ALTA_COMO_PCT_DEL_TOTA_EXPO_PROD;50.698536605;A
103;2020;EXPO_PROD_TECN_MEDI_Y_ALTA_COMO_PCT_DEL_TOTA_EXPO_PROD;53.132601718;A
103;2021;EXPO_PROD_TECN_MEDI_Y_ALTA_COMO_PCT_DEL_TOTA_EXPO_PROD;52.661883699;A
104;2010;EXPO_PROD_TECN_MEDI_Y_ALTA_COMO_PCT_DEL_TOTA_EXPO_PROD;25.68968606;A
104;2011;EXPO_PROD_TECN_MEDI_Y_ALTA_COMO_PCT_DEL_TOTA_EXPO_PROD;25.657930358;A
104;2012;EXPO_PROD_TECN_MEDI_Y_ALTA_COMO_PCT_DEL_TOTA_EXPO_PROD;25.419240268;A
104;2013;EXPO_PROD_TECN_MEDI_Y_ALTA_COMO_PCT_DEL_TOTA_EXPO_PROD;26.497614968;A
104;2014;EXPO_PROD_TECN_MEDI_Y_ALTA_COMO_PCT_DEL_TOTA_EXPO_PROD;28.737640343;A
104;2015;EXPO_PROD_TECN_MEDI_Y_ALTA_COMO_PCT_DEL_TOTA_EXPO_PROD;30.704430653;A
104;2016;EXPO_PROD_TECN_MEDI_Y_ALTA_COMO_PCT_DEL_TOTA_EXPO_PROD;32.149187509;A
104;2017;EXPO_PROD_TECN_MEDI_Y_ALTA_COMO_PCT_DEL_TOTA_EXPO_PROD;32.631141243;A
104;2018;EXPO_PROD_TECN_MEDI_Y_ALTA_COMO_PCT_DEL_TOTA_EXPO_PROD;34.330535549;A
104;2019;EXPO_PROD_TECN_MEDI_Y_ALTA_COMO_PCT_DEL_TOTA_EXPO_PROD;35.317184855;A
104;2020;EXPO_PROD_TECN_MEDI_Y_ALTA_COMO_PCT_DEL_TOTA_EXPO_PROD;36.43489376;A
104;2021;EXPO_PROD_TECN_MEDI_Y_ALTA_COMO_PCT_DEL_TOTA_EXPO_PROD;36.558564567;A
143;2010;EXPO_PROD_TECN_MEDI_Y_ALTA_COMO_PCT_DEL_TOTA_EXPO_PROD;63.280647678;A
143;2011;EXPO_PROD_TECN_MEDI_Y_ALTA_COMO_PCT_DEL_TOTA_EXPO_PROD;63.190848501;A
143;2012;EXPO_PROD_TECN_MEDI_Y_ALTA_COMO_PCT_DEL_TOTA_EXPO_PROD;62.542133475;A
143;2013;EXPO_PROD_TECN_MEDI_Y_ALTA_COMO_PCT_DEL_TOTA_EXPO_PROD;62.537104041;A
143;2014;EXPO_PROD_TECN_MEDI_Y_ALTA_COMO_PCT_DEL_TOTA_EXPO_PROD;63.881054603;A
143;2015;EXPO_PROD_TECN_MEDI_Y_ALTA_COMO_PCT_DEL_TOTA_EXPO_PROD;64.076239945;A
143;2016;EXPO_PROD_TECN_MEDI_Y_ALTA_COMO_PCT_DEL_TOTA_EXPO_PROD;64.879287624;A
143;2017;EXPO_PROD_TECN_MEDI_Y_ALTA_COMO_PCT_DEL_TOTA_EXPO_PROD;65.756725839;A
143;2018;EXPO_PROD_TECN_MEDI_Y_ALTA_COMO_PCT_DEL_TOTA_EXPO_PROD;67.09234174;A
143;2019;EXPO_PROD_TECN_MEDI_Y_ALTA_COMO_PCT_DEL_TOTA_EXPO_PROD;68.008789033;A
143;2020;EXPO_PROD_TECN_MEDI_Y_ALTA_COMO_PCT_DEL_TOTA_EXPO_PROD;67.976862484;A
143;2021;EXPO_PROD_TECN_MEDI_Y_ALTA_COMO_PCT_DEL_TOTA_EXPO_PROD;65.613863112;A
107;2010;EXPO_PROD_TECN_MEDI_Y_ALTA_COMO_PCT_DEL_TOTA_EXPO_PROD;41.718915888;A
107;2011;EXPO_PROD_TECN_MEDI_Y_ALTA_COMO_PCT_DEL_TOTA_EXPO_PROD;42.276392618;A
107;2012;EXPO_PROD_TECN_MEDI_Y_ALTA_COMO_PCT_DEL_TOTA_EXPO_PROD;42.946131047;A
107;2013;EXPO_PROD_TECN_MEDI_Y_ALTA_COMO_PCT_DEL_TOTA_EXPO_PROD;43.538807063;A
107;2014;EXPO_PROD_TECN_MEDI_Y_ALTA_COMO_PCT_DEL_TOTA_EXPO_PROD;46.334074126;A
107;2015;EXPO_PROD_TECN_MEDI_Y_ALTA_COMO_PCT_DEL_TOTA_EXPO_PROD;48.148590324;A
107;2016;EXPO_PROD_TECN_MEDI_Y_ALTA_COMO_PCT_DEL_TOTA_EXPO_PROD;48.836552157;A
107;2017;EXPO_PROD_TECN_MEDI_Y_ALTA_COMO_PCT_DEL_TOTA_EXPO_PROD;48.233991248;A
107;2018;EXPO_PROD_TECN_MEDI_Y_ALTA_COMO_PCT_DEL_TOTA_EXPO_PROD;49.068815282;A
107;2019;EXPO_PROD_TECN_MEDI_Y_ALTA_COMO_PCT_DEL_TOTA_EXPO_PROD;51.602442396;A
107;2020;EXPO_PROD_TECN_MEDI_Y_ALTA_COMO_PCT_DEL_TOTA_EXPO_PROD;53.243787823;A
107;2021;EXPO_PROD_TECN_MEDI_Y_ALTA_COMO_PCT_DEL_TOTA_EXPO_PROD;51.100797099;A
126;2010;EXPO_PROD_TECN_MEDI_Y_ALTA_COMO_PCT_DEL_TOTA_EXPO_PROD;65.260114869;A
126;2011;EXPO_PROD_TECN_MEDI_Y_ALTA_COMO_PCT_DEL_TOTA_EXPO_PROD;64.955723942;A
126;2012;EXPO_PROD_TECN_MEDI_Y_ALTA_COMO_PCT_DEL_TOTA_EXPO_PROD;65.498113008;A
126;2013;EXPO_PROD_TECN_MEDI_Y_ALTA_COMO_PCT_DEL_TOTA_EXPO_PROD;65.627698938;A
126;2014;EXPO_PROD_TECN_MEDI_Y_ALTA_COMO_PCT_DEL_TOTA_EXPO_PROD;66.110750842;A
126;2015;EXPO_PROD_TECN_MEDI_Y_ALTA_COMO_PCT_DEL_TOTA_EXPO_PROD;67.128406731;A
126;2016;EXPO_PROD_TECN_MEDI_Y_ALTA_COMO_PCT_DEL_TOTA_EXPO_PROD;67.662849878;A
126;2017;EXPO_PROD_TECN_MEDI_Y_ALTA_COMO_PCT_DEL_TOTA_EXPO_PROD;68.101506087;A
126;2018;EXPO_PROD_TECN_MEDI_Y_ALTA_COMO_PCT_DEL_TOTA_EXPO_PROD;67.888400342;A
126;2019;EXPO_PROD_TECN_MEDI_Y_ALTA_COMO_PCT_DEL_TOTA_EXPO_PROD;67.497519447;A
126;2020;EXPO_PROD_TECN_MEDI_Y_ALTA_COMO_PCT_DEL_TOTA_EXPO_PROD;67.027653541;A
126;2021;EXPO_PROD_TECN_MEDI_Y_ALTA_COMO_PCT_DEL_TOTA_EXPO_PROD;65.955890053;A
141;2010;EXPO_PROD_TECN_MEDI_Y_ALTA_COMO_PCT_DEL_TOTA_EXPO_PROD;35.304954551;A
141;2011;EXPO_PROD_TECN_MEDI_Y_ALTA_COMO_PCT_DEL_TOTA_EXPO_PROD;38.478665887;A
141;2012;EXPO_PROD_TECN_MEDI_Y_ALTA_COMO_PCT_DEL_TOTA_EXPO_PROD;39.678472958;A
141;2013;EXPO_PROD_TECN_MEDI_Y_ALTA_COMO_PCT_DEL_TOTA_EXPO_PROD;41.552887048;A
141;2014;EXPO_PROD_TECN_MEDI_Y_ALTA_COMO_PCT_DEL_TOTA_EXPO_PROD;40.76534822;A
141;2015;EXPO_PROD_TECN_MEDI_Y_ALTA_COMO_PCT_DEL_TOTA_EXPO_PROD;40.921076914;A
141;2016;EXPO_PROD_TECN_MEDI_Y_ALTA_COMO_PCT_DEL_TOTA_EXPO_PROD;42.277536984;A
141;2017;EXPO_PROD_TECN_MEDI_Y_ALTA_COMO_PCT_DEL_TOTA_EXPO_PROD;40.058687066;A
141;2018;EXPO_PROD_TECN_MEDI_Y_ALTA_COMO_PCT_DEL_TOTA_EXPO_PROD;38.240322562;A
141;2019;EXPO_PROD_TECN_MEDI_Y_ALTA_COMO_PCT_DEL_TOTA_EXPO_PROD;39.288770308;A
141;2020;EXPO_PROD_TECN_MEDI_Y_ALTA_COMO_PCT_DEL_TOTA_EXPO_PROD;40.354241516;A
141;2021;EXPO_PROD_TECN_MEDI_Y_ALTA_COMO_PCT_DEL_TOTA_EXPO_PROD;37.301281069;A
113;2010;EXPO_PROD_TECN_MEDI_Y_ALTA_COMO_PCT_DEL_TOTA_EXPO_PROD;50.097392927;A
113;2011;EXPO_PROD_TECN_MEDI_Y_ALTA_COMO_PCT_DEL_TOTA_EXPO_PROD;50.850271601;A
113;2012;EXPO_PROD_TECN_MEDI_Y_ALTA_COMO_PCT_DEL_TOTA_EXPO_PROD;48.817042159;A
113;2013;EXPO_PROD_TECN_MEDI_Y_ALTA_COMO_PCT_DEL_TOTA_EXPO_PROD;48.099597456;A
113;2014;EXPO_PROD_TECN_MEDI_Y_ALTA_COMO_PCT_DEL_TOTA_EXPO_PROD;48.658124938;A
113;2015;EXPO_PROD_TECN_MEDI_Y_ALTA_COMO_PCT_DEL_TOTA_EXPO_PROD;52.613153704;A
113;2016;EXPO_PROD_TECN_MEDI_Y_ALTA_COMO_PCT_DEL_TOTA_EXPO_PROD;53.28905826;A
113;2017;EXPO_PROD_TECN_MEDI_Y_ALTA_COMO_PCT_DEL_TOTA_EXPO_PROD;56.303963537;A
113;2018;EXPO_PROD_TECN_MEDI_Y_ALTA_COMO_PCT_DEL_TOTA_EXPO_PROD;56.274101559;A
113;2019;EXPO_PROD_TECN_MEDI_Y_ALTA_COMO_PCT_DEL_TOTA_EXPO_PROD;57.04149724;A
113;2020;EXPO_PROD_TECN_MEDI_Y_ALTA_COMO_PCT_DEL_TOTA_EXPO_PROD;61.070950201;A
113;2021;EXPO_PROD_TECN_MEDI_Y_ALTA_COMO_PCT_DEL_TOTA_EXPO_PROD;63.063748884;A
111;2010;EXPO_PROD_TECN_MEDI_Y_ALTA_COMO_PCT_DEL_TOTA_EXPO_PROD;23.275485417;A
111;2011;EXPO_PROD_TECN_MEDI_Y_ALTA_COMO_PCT_DEL_TOTA_EXPO_PROD;20.869717221;A
111;2012;EXPO_PROD_TECN_MEDI_Y_ALTA_COMO_PCT_DEL_TOTA_EXPO_PROD;18.249406531;A
111;2013;EXPO_PROD_TECN_MEDI_Y_ALTA_COMO_PCT_DEL_TOTA_EXPO_PROD;17.837058731;A
111;2014;EXPO_PROD_TECN_MEDI_Y_ALTA_COMO_PCT_DEL_TOTA_EXPO_PROD;19.225949302;A
111;2015;EXPO_PROD_TECN_MEDI_Y_ALTA_COMO_PCT_DEL_TOTA_EXPO_PROD;22.211855104;A
111;2016;EXPO_PROD_TECN_MEDI_Y_ALTA_COMO_PCT_DEL_TOTA_EXPO_PROD;22.268057089;A
111;2017;EXPO_PROD_TECN_MEDI_Y_ALTA_COMO_PCT_DEL_TOTA_EXPO_PROD;20.959248558;A
111;2018;EXPO_PROD_TECN_MEDI_Y_ALTA_COMO_PCT_DEL_TOTA_EXPO_PROD;21.153348204;A
111;2019;EXPO_PROD_TECN_MEDI_Y_ALTA_COMO_PCT_DEL_TOTA_EXPO_PROD;23.009627045;A
111;2020;EXPO_PROD_TECN_MEDI_Y_ALTA_COMO_PCT_DEL_TOTA_EXPO_PROD;28.905593891;A
111;2021;EXPO_PROD_TECN_MEDI_Y_ALTA_COMO_PCT_DEL_TOTA_EXPO_PROD;24.949120872;A
110;2010;EXPO_PROD_TECN_MEDI_Y_ALTA_COMO_PCT_DEL_TOTA_EXPO_PROD;57.547268918;A
110;2011;EXPO_PROD_TECN_MEDI_Y_ALTA_COMO_PCT_DEL_TOTA_EXPO_PROD;55.983144031;A
110;2012;EXPO_PROD_TECN_MEDI_Y_ALTA_COMO_PCT_DEL_TOTA_EXPO_PROD;56.848348745;A
110;2013;EXPO_PROD_TECN_MEDI_Y_ALTA_COMO_PCT_DEL_TOTA_EXPO_PROD;56.9847543;A
110;2014;EXPO_PROD_TECN_MEDI_Y_ALTA_COMO_PCT_DEL_TOTA_EXPO_PROD;57.229694555;A
110;2015;EXPO_PROD_TECN_MEDI_Y_ALTA_COMO_PCT_DEL_TOTA_EXPO_PROD;58.4408196;A
110;2016;EXPO_PROD_TECN_MEDI_Y_ALTA_COMO_PCT_DEL_TOTA_EXPO_PROD;59.083364643;A
110;2017;EXPO_PROD_TECN_MEDI_Y_ALTA_COMO_PCT_DEL_TOTA_EXPO_PROD;58.351388419;A
110;2018;EXPO_PROD_TECN_MEDI_Y_ALTA_COMO_PCT_DEL_TOTA_EXPO_PROD;58.114201829;A
110;2019;EXPO_PROD_TECN_MEDI_Y_ALTA_COMO_PCT_DEL_TOTA_EXPO_PROD;58.537487494;A
110;2020;EXPO_PROD_TECN_MEDI_Y_ALTA_COMO_PCT_DEL_TOTA_EXPO_PROD;57.030426022;A
110;2021;EXPO_PROD_TECN_MEDI_Y_ALTA_COMO_PCT_DEL_TOTA_EXPO_PROD;54.216193644;A
146;2010;EXPO_PROD_TECN_MEDI_Y_ALTA_COMO_PCT_DEL_TOTA_EXPO_PROD;45.081587805;A
146;2011;EXPO_PROD_TECN_MEDI_Y_ALTA_COMO_PCT_DEL_TOTA_EXPO_PROD;43.323873367;A
146;2012;EXPO_PROD_TECN_MEDI_Y_ALTA_COMO_PCT_DEL_TOTA_EXPO_PROD;39.422325001;A
146;2013;EXPO_PROD_TECN_MEDI_Y_ALTA_COMO_PCT_DEL_TOTA_EXPO_PROD;37.602487762;A
146;2014;EXPO_PROD_TECN_MEDI_Y_ALTA_COMO_PCT_DEL_TOTA_EXPO_PROD;35.103979242;A
146;2015;EXPO_PROD_TECN_MEDI_Y_ALTA_COMO_PCT_DEL_TOTA_EXPO_PROD;37.976742444;A
146;2016;EXPO_PROD_TECN_MEDI_Y_ALTA_COMO_PCT_DEL_TOTA_EXPO_PROD;39.308973244;A
146;2017;EXPO_PROD_TECN_MEDI_Y_ALTA_COMO_PCT_DEL_TOTA_EXPO_PROD;39.862736707;A
146;2018;EXPO_PROD_TECN_MEDI_Y_ALTA_COMO_PCT_DEL_TOTA_EXPO_PROD;39.065395788;A
146;2019;EXPO_PROD_TECN_MEDI_Y_ALTA_COMO_PCT_DEL_TOTA_EXPO_PROD;40.596587651;A
146;2020;EXPO_PROD_TECN_MEDI_Y_ALTA_COMO_PCT_DEL_TOTA_EXPO_PROD;39.379215153;A
146;2021;EXPO_PROD_TECN_MEDI_Y_ALTA_COMO_PCT_DEL_TOTA_EXPO_PROD;35.73651753;A
115;2010;EXPO_PROD_TECN_MEDI_Y_ALTA_COMO_PCT_DEL_TOTA_EXPO_PROD;50.459169073;A
115;2011;EXPO_PROD_TECN_MEDI_Y_ALTA_COMO_PCT_DEL_TOTA_EXPO_PROD;49.972979715;A
115;2012;EXPO_PROD_TECN_MEDI_Y_ALTA_COMO_PCT_DEL_TOTA_EXPO_PROD;49.154985668;A
115;2013;EXPO_PROD_TECN_MEDI_Y_ALTA_COMO_PCT_DEL_TOTA_EXPO_PROD;50.288470534;A
115;2014;EXPO_PROD_TECN_MEDI_Y_ALTA_COMO_PCT_DEL_TOTA_EXPO_PROD;51.2316742;A
115;2015;EXPO_PROD_TECN_MEDI_Y_ALTA_COMO_PCT_DEL_TOTA_EXPO_PROD;51.91636599;A
115;2016;EXPO_PROD_TECN_MEDI_Y_ALTA_COMO_PCT_DEL_TOTA_EXPO_PROD;52.500635654;A
115;2017;EXPO_PROD_TECN_MEDI_Y_ALTA_COMO_PCT_DEL_TOTA_EXPO_PROD;52.256887915;A
115;2018;EXPO_PROD_TECN_MEDI_Y_ALTA_COMO_PCT_DEL_TOTA_EXPO_PROD;52.168418206;A
115;2019;EXPO_PROD_TECN_MEDI_Y_ALTA_COMO_PCT_DEL_TOTA_EXPO_PROD;51.129770735;A
115;2020;EXPO_PROD_TECN_MEDI_Y_ALTA_COMO_PCT_DEL_TOTA_EXPO_PROD;51.804083597;A
115;2021;EXPO_PROD_TECN_MEDI_Y_ALTA_COMO_PCT_DEL_TOTA_EXPO_PROD;49.942254786;A
106;2010;EXPO_PROD_TECN_MEDI_Y_ALTA_COMO_PCT_DEL_TOTA_EXPO_PROD;40.79874386;A
106;2011;EXPO_PROD_TECN_MEDI_Y_ALTA_COMO_PCT_DEL_TOTA_EXPO_PROD;38.12235828;A
106;2012;EXPO_PROD_TECN_MEDI_Y_ALTA_COMO_PCT_DEL_TOTA_EXPO_PROD;35.992167152;A
106;2013;EXPO_PROD_TECN_MEDI_Y_ALTA_COMO_PCT_DEL_TOTA_EXPO_PROD;43.204498963;A
106;2014;EXPO_PROD_TECN_MEDI_Y_ALTA_COMO_PCT_DEL_TOTA_EXPO_PROD;65.670155395;A
106;2015;EXPO_PROD_TECN_MEDI_Y_ALTA_COMO_PCT_DEL_TOTA_EXPO_PROD;67.89326668;A
106;2016;EXPO_PROD_TECN_MEDI_Y_ALTA_COMO_PCT_DEL_TOTA_EXPO_PROD;59.671105846;A
106;2017;EXPO_PROD_TECN_MEDI_Y_ALTA_COMO_PCT_DEL_TOTA_EXPO_PROD;54.848315503;A
106;2018;EXPO_PROD_TECN_MEDI_Y_ALTA_COMO_PCT_DEL_TOTA_EXPO_PROD;59.536838492;A
106;2019;EXPO_PROD_TECN_MEDI_Y_ALTA_COMO_PCT_DEL_TOTA_EXPO_PROD;55.554003885;A
106;2020;EXPO_PROD_TECN_MEDI_Y_ALTA_COMO_PCT_DEL_TOTA_EXPO_PROD;57.605490046;A
106;2021;EXPO_PROD_TECN_MEDI_Y_ALTA_COMO_PCT_DEL_TOTA_EXPO_PROD;54.129423096;A
136;2010;EXPO_PROD_TECN_MEDI_Y_ALTA_COMO_PCT_DEL_TOTA_EXPO_PROD;30.152300965;A
136;2011;EXPO_PROD_TECN_MEDI_Y_ALTA_COMO_PCT_DEL_TOTA_EXPO_PROD;29.612909328;A
136;2012;EXPO_PROD_TECN_MEDI_Y_ALTA_COMO_PCT_DEL_TOTA_EXPO_PROD;27.975822166;A
136;2013;EXPO_PROD_TECN_MEDI_Y_ALTA_COMO_PCT_DEL_TOTA_EXPO_PROD;29.007207984;A
136;2014;EXPO_PROD_TECN_MEDI_Y_ALTA_COMO_PCT_DEL_TOTA_EXPO_PROD;30.843678014;A
136;2015;EXPO_PROD_TECN_MEDI_Y_ALTA_COMO_PCT_DEL_TOTA_EXPO_PROD;33.522365792;A
136;2016;EXPO_PROD_TECN_MEDI_Y_ALTA_COMO_PCT_DEL_TOTA_EXPO_PROD;34.213146917;A
136;2017;EXPO_PROD_TECN_MEDI_Y_ALTA_COMO_PCT_DEL_TOTA_EXPO_PROD;34.661145829;A
136;2018;EXPO_PROD_TECN_MEDI_Y_ALTA_COMO_PCT_DEL_TOTA_EXPO_PROD;35.612936185;A
136;2019;EXPO_PROD_TECN_MEDI_Y_ALTA_COMO_PCT_DEL_TOTA_EXPO_PROD;33.253268497;A
136;2020;EXPO_PROD_TECN_MEDI_Y_ALTA_COMO_PCT_DEL_TOTA_EXPO_PROD;33.870984018;A
136;2021;EXPO_PROD_TECN_MEDI_Y_ALTA_COMO_PCT_DEL_TOTA_EXPO_PROD;31.423241675;A
142;2010;EXPO_PROD_TECN_MEDI_Y_ALTA_COMO_PCT_DEL_TOTA_EXPO_PROD;31.88286352;A
142;2011;EXPO_PROD_TECN_MEDI_Y_ALTA_COMO_PCT_DEL_TOTA_EXPO_PROD;32.102220304;A
142;2012;EXPO_PROD_TECN_MEDI_Y_ALTA_COMO_PCT_DEL_TOTA_EXPO_PROD;31.545120815;A
142;2013;EXPO_PROD_TECN_MEDI_Y_ALTA_COMO_PCT_DEL_TOTA_EXPO_PROD;30.786523589;A
142;2014;EXPO_PROD_TECN_MEDI_Y_ALTA_COMO_PCT_DEL_TOTA_EXPO_PROD;34.295195285;A
142;2015;EXPO_PROD_TECN_MEDI_Y_ALTA_COMO_PCT_DEL_TOTA_EXPO_PROD;34.059397585;A
142;2016;EXPO_PROD_TECN_MEDI_Y_ALTA_COMO_PCT_DEL_TOTA_EXPO_PROD;34.929233026;A
142;2017;EXPO_PROD_TECN_MEDI_Y_ALTA_COMO_PCT_DEL_TOTA_EXPO_PROD;36.283263473;A
142;2018;EXPO_PROD_TECN_MEDI_Y_ALTA_COMO_PCT_DEL_TOTA_EXPO_PROD;36.403277709;A
142;2019;EXPO_PROD_TECN_MEDI_Y_ALTA_COMO_PCT_DEL_TOTA_EXPO_PROD;37.720455342;A
142;2020;EXPO_PROD_TECN_MEDI_Y_ALTA_COMO_PCT_DEL_TOTA_EXPO_PROD;39.873495272;A
142;2021;EXPO_PROD_TECN_MEDI_Y_ALTA_COMO_PCT_DEL_TOTA_EXPO_PROD;38.970554891;A
117;2010;EXPO_PROD_TECN_MEDI_Y_ALTA_COMO_PCT_DEL_TOTA_EXPO_PROD;51.844864864;A
117;2011;EXPO_PROD_TECN_MEDI_Y_ALTA_COMO_PCT_DEL_TOTA_EXPO_PROD;49.074257068;A
117;2012;EXPO_PROD_TECN_MEDI_Y_ALTA_COMO_PCT_DEL_TOTA_EXPO_PROD;50.928333869;A
117;2013;EXPO_PROD_TECN_MEDI_Y_ALTA_COMO_PCT_DEL_TOTA_EXPO_PROD;48.830768584;A
117;2014;EXPO_PROD_TECN_MEDI_Y_ALTA_COMO_PCT_DEL_TOTA_EXPO_PROD;48.099480664;A
117;2015;EXPO_PROD_TECN_MEDI_Y_ALTA_COMO_PCT_DEL_TOTA_EXPO_PROD;50.849167541;A
117;2016;EXPO_PROD_TECN_MEDI_Y_ALTA_COMO_PCT_DEL_TOTA_EXPO_PROD;50.396472047;A
117;2017;EXPO_PROD_TECN_MEDI_Y_ALTA_COMO_PCT_DEL_TOTA_EXPO_PROD;45.046583326;A
117;2018;EXPO_PROD_TECN_MEDI_Y_ALTA_COMO_PCT_DEL_TOTA_EXPO_PROD;43.558489251;A
117;2019;EXPO_PROD_TECN_MEDI_Y_ALTA_COMO_PCT_DEL_TOTA_EXPO_PROD;47.980446495;A
117;2020;EXPO_PROD_TECN_MEDI_Y_ALTA_COMO_PCT_DEL_TOTA_EXPO_PROD;42.626916225;A
117;2021;EXPO_PROD_TECN_MEDI_Y_ALTA_COMO_PCT_DEL_TOTA_EXPO_PROD;41.614399476;A
112;2010;EXPO_PROD_TECN_MEDI_Y_ALTA_COMO_PCT_DEL_TOTA_EXPO_PROD;68.764243749;A
112;2011;EXPO_PROD_TECN_MEDI_Y_ALTA_COMO_PCT_DEL_TOTA_EXPO_PROD;67.191356399;A
112;2012;EXPO_PROD_TECN_MEDI_Y_ALTA_COMO_PCT_DEL_TOTA_EXPO_PROD;65.006516238;A
112;2013;EXPO_PROD_TECN_MEDI_Y_ALTA_COMO_PCT_DEL_TOTA_EXPO_PROD;65.275285628;A
112;2014;EXPO_PROD_TECN_MEDI_Y_ALTA_COMO_PCT_DEL_TOTA_EXPO_PROD;66.964699142;A
112;2015;EXPO_PROD_TECN_MEDI_Y_ALTA_COMO_PCT_DEL_TOTA_EXPO_PROD;69.09098293;A
112;2016;EXPO_PROD_TECN_MEDI_Y_ALTA_COMO_PCT_DEL_TOTA_EXPO_PROD;69.652469797;A
112;2017;EXPO_PROD_TECN_MEDI_Y_ALTA_COMO_PCT_DEL_TOTA_EXPO_PROD;67.605688079;A
112;2018;EXPO_PROD_TECN_MEDI_Y_ALTA_COMO_PCT_DEL_TOTA_EXPO_PROD;65.959750017;A
112;2019;EXPO_PROD_TECN_MEDI_Y_ALTA_COMO_PCT_DEL_TOTA_EXPO_PROD;68.553213106;A
112;2020;EXPO_PROD_TECN_MEDI_Y_ALTA_COMO_PCT_DEL_TOTA_EXPO_PROD;69.385794269;A
112;2021;EXPO_PROD_TECN_MEDI_Y_ALTA_COMO_PCT_DEL_TOTA_EXPO_PROD;66.308873364;A
118;2010;EXPO_PROD_TECN_MEDI_Y_ALTA_COMO_PCT_DEL_TOTA_EXPO_PROD;54.947137386;A
118;2011;EXPO_PROD_TECN_MEDI_Y_ALTA_COMO_PCT_DEL_TOTA_EXPO_PROD;49.405874373;A
118;2012;EXPO_PROD_TECN_MEDI_Y_ALTA_COMO_PCT_DEL_TOTA_EXPO_PROD;51.266544792;A
118;2013;EXPO_PROD_TECN_MEDI_Y_ALTA_COMO_PCT_DEL_TOTA_EXPO_PROD;55.352401854;A
118;2014;EXPO_PROD_TECN_MEDI_Y_ALTA_COMO_PCT_DEL_TOTA_EXPO_PROD;62.508883742;A
118;2015;EXPO_PROD_TECN_MEDI_Y_ALTA_COMO_PCT_DEL_TOTA_EXPO_PROD;57.661926165;A
118;2016;EXPO_PROD_TECN_MEDI_Y_ALTA_COMO_PCT_DEL_TOTA_EXPO_PROD;68.623079499;A
118;2017;EXPO_PROD_TECN_MEDI_Y_ALTA_COMO_PCT_DEL_TOTA_EXPO_PROD;55.678031576;A
118;2018;EXPO_PROD_TECN_MEDI_Y_ALTA_COMO_PCT_DEL_TOTA_EXPO_PROD;52.221256571;A
118;2019;EXPO_PROD_TECN_MEDI_Y_ALTA_COMO_PCT_DEL_TOTA_EXPO_PROD;52.140063686;A
118;2020;EXPO_PROD_TECN_MEDI_Y_ALTA_COMO_PCT_DEL_TOTA_EXPO_PROD;59.953077415;A
118;2021;EXPO_PROD_TECN_MEDI_Y_ALTA_COMO_PCT_DEL_TOTA_EXPO_PROD;54.986988531;A
121;2010;EXPO_PROD_TECN_MEDI_Y_ALTA_COMO_PCT_DEL_TOTA_EXPO_PROD;42.198355859;A
121;2011;EXPO_PROD_TECN_MEDI_Y_ALTA_COMO_PCT_DEL_TOTA_EXPO_PROD;42.057065407;A
121;2012;EXPO_PROD_TECN_MEDI_Y_ALTA_COMO_PCT_DEL_TOTA_EXPO_PROD;41.625301712;A
121;2013;EXPO_PROD_TECN_MEDI_Y_ALTA_COMO_PCT_DEL_TOTA_EXPO_PROD;40.345344749;A
121;2014;EXPO_PROD_TECN_MEDI_Y_ALTA_COMO_PCT_DEL_TOTA_EXPO_PROD;42.773737618;A
121;2015;EXPO_PROD_TECN_MEDI_Y_ALTA_COMO_PCT_DEL_TOTA_EXPO_PROD;46.780119921;A
121;2016;EXPO_PROD_TECN_MEDI_Y_ALTA_COMO_PCT_DEL_TOTA_EXPO_PROD;49.739062354;A
121;2017;EXPO_PROD_TECN_MEDI_Y_ALTA_COMO_PCT_DEL_TOTA_EXPO_PROD;49.719696097;A
121;2018;EXPO_PROD_TECN_MEDI_Y_ALTA_COMO_PCT_DEL_TOTA_EXPO_PROD;49.886214928;A
121;2019;EXPO_PROD_TECN_MEDI_Y_ALTA_COMO_PCT_DEL_TOTA_EXPO_PROD;50.944780713;A
121;2020;EXPO_PROD_TECN_MEDI_Y_ALTA_COMO_PCT_DEL_TOTA_EXPO_PROD;54.168263372;A
121;2021;EXPO_PROD_TECN_MEDI_Y_ALTA_COMO_PCT_DEL_TOTA_EXPO_PROD;50.901226276;A
102;2010;EXPO_PROD_TECN_MEDI_Y_ALTA_COMO_PCT_DEL_TOTA_EXPO_PROD;54.175967604;A
102;2011;EXPO_PROD_TECN_MEDI_Y_ALTA_COMO_PCT_DEL_TOTA_EXPO_PROD;53.877279072;A
102;2012;EXPO_PROD_TECN_MEDI_Y_ALTA_COMO_PCT_DEL_TOTA_EXPO_PROD;55.092987788;A
102;2013;EXPO_PROD_TECN_MEDI_Y_ALTA_COMO_PCT_DEL_TOTA_EXPO_PROD;56.601102694;A
102;2014;EXPO_PROD_TECN_MEDI_Y_ALTA_COMO_PCT_DEL_TOTA_EXPO_PROD;57.035630697;A
102;2015;EXPO_PROD_TECN_MEDI_Y_ALTA_COMO_PCT_DEL_TOTA_EXPO_PROD;57.556090174;A
102;2016;EXPO_PROD_TECN_MEDI_Y_ALTA_COMO_PCT_DEL_TOTA_EXPO_PROD;57.788650476;A
102;2017;EXPO_PROD_TECN_MEDI_Y_ALTA_COMO_PCT_DEL_TOTA_EXPO_PROD;58.03479814;A
102;2018;EXPO_PROD_TECN_MEDI_Y_ALTA_COMO_PCT_DEL_TOTA_EXPO_PROD;57.401831524;A
102;2019;EXPO_PROD_TECN_MEDI_Y_ALTA_COMO_PCT_DEL_TOTA_EXPO_PROD;58.251910569;A
102;2020;EXPO_PROD_TECN_MEDI_Y_ALTA_COMO_PCT_DEL_TOTA_EXPO_PROD;57.624256173;A
102;2021;EXPO_PROD_TECN_MEDI_Y_ALTA_COMO_PCT_DEL_TOTA_EXPO_PROD;56.133139644;A
122;2010;EXPO_PROD_TECN_MEDI_Y_ALTA_COMO_PCT_DEL_TOTA_EXPO_PROD;51.239344809;A
122;2011;EXPO_PROD_TECN_MEDI_Y_ALTA_COMO_PCT_DEL_TOTA_EXPO_PROD;49.563592092;A
122;2012;EXPO_PROD_TECN_MEDI_Y_ALTA_COMO_PCT_DEL_TOTA_EXPO_PROD;48.194579796;A
122;2013;EXPO_PROD_TECN_MEDI_Y_ALTA_COMO_PCT_DEL_TOTA_EXPO_PROD;48.675947058;A
122;2014;EXPO_PROD_TECN_MEDI_Y_ALTA_COMO_PCT_DEL_TOTA_EXPO_PROD;48.948581355;A
122;2015;EXPO_PROD_TECN_MEDI_Y_ALTA_COMO_PCT_DEL_TOTA_EXPO_PROD;49.440365451;A
122;2016;EXPO_PROD_TECN_MEDI_Y_ALTA_COMO_PCT_DEL_TOTA_EXPO_PROD;49.622581588;A
122;2017;EXPO_PROD_TECN_MEDI_Y_ALTA_COMO_PCT_DEL_TOTA_EXPO_PROD;48.834776952;A
122;2018;EXPO_PROD_TECN_MEDI_Y_ALTA_COMO_PCT_DEL_TOTA_EXPO_PROD;48.596874103;A
122;2019;EXPO_PROD_TECN_MEDI_Y_ALTA_COMO_PCT_DEL_TOTA_EXPO_PROD;49.415626278;A
122;2020;EXPO_PROD_TECN_MEDI_Y_ALTA_COMO_PCT_DEL_TOTA_EXPO_PROD;49.315083428;A
122;2021;EXPO_PROD_TECN_MEDI_Y_ALTA_COMO_PCT_DEL_TOTA_EXPO_PROD;48.783150769;A
123;2010;EXPO_PROD_TECN_MEDI_Y_ALTA_COMO_PCT_DEL_TOTA_EXPO_PROD;36.463162754;A
123;2011;EXPO_PROD_TECN_MEDI_Y_ALTA_COMO_PCT_DEL_TOTA_EXPO_PROD;36.782497788;A
123;2012;EXPO_PROD_TECN_MEDI_Y_ALTA_COMO_PCT_DEL_TOTA_EXPO_PROD;36.530091772;A
123;2013;EXPO_PROD_TECN_MEDI_Y_ALTA_COMO_PCT_DEL_TOTA_EXPO_PROD;35.216974656;A
123;2014;EXPO_PROD_TECN_MEDI_Y_ALTA_COMO_PCT_DEL_TOTA_EXPO_PROD;35.905658068;A
123;2015;EXPO_PROD_TECN_MEDI_Y_ALTA_COMO_PCT_DEL_TOTA_EXPO_PROD;36.833588123;A
123;2016;EXPO_PROD_TECN_MEDI_Y_ALTA_COMO_PCT_DEL_TOTA_EXPO_PROD;37.862033647;A
123;2017;EXPO_PROD_TECN_MEDI_Y_ALTA_COMO_PCT_DEL_TOTA_EXPO_PROD;38.513351575;A
123;2018;EXPO_PROD_TECN_MEDI_Y_ALTA_COMO_PCT_DEL_TOTA_EXPO_PROD;40.114279871;A
123;2019;EXPO_PROD_TECN_MEDI_Y_ALTA_COMO_PCT_DEL_TOTA_EXPO_PROD;42.535631226;A
123;2020;EXPO_PROD_TECN_MEDI_Y_ALTA_COMO_PCT_DEL_TOTA_EXPO_PROD;42.617272316;A
123;2021;EXPO_PROD_TECN_MEDI_Y_ALTA_COMO_PCT_DEL_TOTA_EXPO_PROD;40.933232099;A
128;2010;EXPO_PROD_TECN_MEDI_Y_ALTA_COMO_PCT_DEL_TOTA_EXPO_PROD;50.747804177;A
128;2011;EXPO_PROD_TECN_MEDI_Y_ALTA_COMO_PCT_DEL_TOTA_EXPO_PROD;50.090466569;A
128;2012;EXPO_PROD_TECN_MEDI_Y_ALTA_COMO_PCT_DEL_TOTA_EXPO_PROD;49.689989082;A
128;2013;EXPO_PROD_TECN_MEDI_Y_ALTA_COMO_PCT_DEL_TOTA_EXPO_PROD;49.841542109;A
128;2014;EXPO_PROD_TECN_MEDI_Y_ALTA_COMO_PCT_DEL_TOTA_EXPO_PROD;50.277768137;A
128;2015;EXPO_PROD_TECN_MEDI_Y_ALTA_COMO_PCT_DEL_TOTA_EXPO_PROD;52.074288651;A
128;2016;EXPO_PROD_TECN_MEDI_Y_ALTA_COMO_PCT_DEL_TOTA_EXPO_PROD;54.111414887;A
128;2017;EXPO_PROD_TECN_MEDI_Y_ALTA_COMO_PCT_DEL_TOTA_EXPO_PROD;55.108643071;A
128;2018;EXPO_PROD_TECN_MEDI_Y_ALTA_COMO_PCT_DEL_TOTA_EXPO_PROD;57.177955039;A
128;2019;EXPO_PROD_TECN_MEDI_Y_ALTA_COMO_PCT_DEL_TOTA_EXPO_PROD;57.427497731;A
128;2020;EXPO_PROD_TECN_MEDI_Y_ALTA_COMO_PCT_DEL_TOTA_EXPO_PROD;58.920270604;A
128;2021;EXPO_PROD_TECN_MEDI_Y_ALTA_COMO_PCT_DEL_TOTA_EXPO_PROD;55.203802522;A
147;2010;EXPO_PROD_TECN_MEDI_Y_ALTA_COMO_PCT_DEL_TOTA_EXPO_PROD;55.959331128;A
147;2011;EXPO_PROD_TECN_MEDI_Y_ALTA_COMO_PCT_DEL_TOTA_EXPO_PROD;54.351385283;A
147;2012;EXPO_PROD_TECN_MEDI_Y_ALTA_COMO_PCT_DEL_TOTA_EXPO_PROD;53.322230502;A
147;2013;EXPO_PROD_TECN_MEDI_Y_ALTA_COMO_PCT_DEL_TOTA_EXPO_PROD;54.568886564;A
147;2014;EXPO_PROD_TECN_MEDI_Y_ALTA_COMO_PCT_DEL_TOTA_EXPO_PROD;55.427888059;A
147;2015;EXPO_PROD_TECN_MEDI_Y_ALTA_COMO_PCT_DEL_TOTA_EXPO_PROD;55.996243443;A
147;2016;EXPO_PROD_TECN_MEDI_Y_ALTA_COMO_PCT_DEL_TOTA_EXPO_PROD;56.048262466;A
147;2017;EXPO_PROD_TECN_MEDI_Y_ALTA_COMO_PCT_DEL_TOTA_EXPO_PROD;57.073070004;A
147;2018;EXPO_PROD_TECN_MEDI_Y_ALTA_COMO_PCT_DEL_TOTA_EXPO_PROD;57.295797311;A
147;2019;EXPO_PROD_TECN_MEDI_Y_ALTA_COMO_PCT_DEL_TOTA_EXPO_PROD;59.629144318;A
147;2020;EXPO_PROD_TECN_MEDI_Y_ALTA_COMO_PCT_DEL_TOTA_EXPO_PROD;62.8448448;A
147;2021;EXPO_PROD_TECN_MEDI_Y_ALTA_COMO_PCT_DEL_TOTA_EXPO_PROD;60.691781505;A
144;2010;EXPO_PROD_TECN_MEDI_Y_ALTA_COMO_PCT_DEL_TOTA_EXPO_PROD;61.617196177;A
144;2011;EXPO_PROD_TECN_MEDI_Y_ALTA_COMO_PCT_DEL_TOTA_EXPO_PROD;60.26818631;A
144;2012;EXPO_PROD_TECN_MEDI_Y_ALTA_COMO_PCT_DEL_TOTA_EXPO_PROD;61.697648861;A
144;2013;EXPO_PROD_TECN_MEDI_Y_ALTA_COMO_PCT_DEL_TOTA_EXPO_PROD;63.61914241;A
144;2014;EXPO_PROD_TECN_MEDI_Y_ALTA_COMO_PCT_DEL_TOTA_EXPO_PROD;65.020774583;A
144;2015;EXPO_PROD_TECN_MEDI_Y_ALTA_COMO_PCT_DEL_TOTA_EXPO_PROD;66.556986058;A
144;2016;EXPO_PROD_TECN_MEDI_Y_ALTA_COMO_PCT_DEL_TOTA_EXPO_PROD;68.026039952;A
144;2017;EXPO_PROD_TECN_MEDI_Y_ALTA_COMO_PCT_DEL_TOTA_EXPO_PROD;67.196378274;A
144;2018;EXPO_PROD_TECN_MEDI_Y_ALTA_COMO_PCT_DEL_TOTA_EXPO_PROD;67.815835322;A
144;2019;EXPO_PROD_TECN_MEDI_Y_ALTA_COMO_PCT_DEL_TOTA_EXPO_PROD;69.026089365;A
144;2020;EXPO_PROD_TECN_MEDI_Y_ALTA_COMO_PCT_DEL_TOTA_EXPO_PROD;70.811848673;A
144;2021;EXPO_PROD_TECN_MEDI_Y_ALTA_COMO_PCT_DEL_TOTA_EXPO_PROD;67.836214709;A
109;2010;EXPO_PROD_TECN_MEDI_Y_ALTA_COMO_PCT_DEL_TOTA_EXPO_PROD;44.370848526;A
109;2011;EXPO_PROD_TECN_MEDI_Y_ALTA_COMO_PCT_DEL_TOTA_EXPO_PROD;41.389923607;A
109;2012;EXPO_PROD_TECN_MEDI_Y_ALTA_COMO_PCT_DEL_TOTA_EXPO_PROD;39.901792325;A
109;2013;EXPO_PROD_TECN_MEDI_Y_ALTA_COMO_PCT_DEL_TOTA_EXPO_PROD;38.209599684;A
109;2014;EXPO_PROD_TECN_MEDI_Y_ALTA_COMO_PCT_DEL_TOTA_EXPO_PROD;40.059481039;A
109;2015;EXPO_PROD_TECN_MEDI_Y_ALTA_COMO_PCT_DEL_TOTA_EXPO_PROD;44.01193571;A
109;2016;EXPO_PROD_TECN_MEDI_Y_ALTA_COMO_PCT_DEL_TOTA_EXPO_PROD;42.674778956;A
109;2017;EXPO_PROD_TECN_MEDI_Y_ALTA_COMO_PCT_DEL_TOTA_EXPO_PROD;44.217058123;A
109;2018;EXPO_PROD_TECN_MEDI_Y_ALTA_COMO_PCT_DEL_TOTA_EXPO_PROD;43.505352931;A
109;2019;EXPO_PROD_TECN_MEDI_Y_ALTA_COMO_PCT_DEL_TOTA_EXPO_PROD;45.934536114;A
109;2020;EXPO_PROD_TECN_MEDI_Y_ALTA_COMO_PCT_DEL_TOTA_EXPO_PROD;46.302277028;A
109;2021;EXPO_PROD_TECN_MEDI_Y_ALTA_COMO_PCT_DEL_TOTA_EXPO_PROD;44.48804628;A
131;2010;EXPO_PROD_TECN_MEDI_Y_ALTA_COMO_PCT_DEL_TOTA_EXPO_PROD;53.079164242;A
131;2011;EXPO_PROD_TECN_MEDI_Y_ALTA_COMO_PCT_DEL_TOTA_EXPO_PROD;53.177941384;A
131;2012;EXPO_PROD_TECN_MEDI_Y_ALTA_COMO_PCT_DEL_TOTA_EXPO_PROD;50.797054796;A
131;2013;EXPO_PROD_TECN_MEDI_Y_ALTA_COMO_PCT_DEL_TOTA_EXPO_PROD;51.769335338;A
131;2014;EXPO_PROD_TECN_MEDI_Y_ALTA_COMO_PCT_DEL_TOTA_EXPO_PROD;52.278537538;A
131;2015;EXPO_PROD_TECN_MEDI_Y_ALTA_COMO_PCT_DEL_TOTA_EXPO_PROD;54.880607904;A
131;2016;EXPO_PROD_TECN_MEDI_Y_ALTA_COMO_PCT_DEL_TOTA_EXPO_PROD;55.207419248;A
131;2017;EXPO_PROD_TECN_MEDI_Y_ALTA_COMO_PCT_DEL_TOTA_EXPO_PROD;54.658017875;A
131;2018;EXPO_PROD_TECN_MEDI_Y_ALTA_COMO_PCT_DEL_TOTA_EXPO_PROD;54.684568226;A
131;2019;EXPO_PROD_TECN_MEDI_Y_ALTA_COMO_PCT_DEL_TOTA_EXPO_PROD;56.173521045;A
131;2020;EXPO_PROD_TECN_MEDI_Y_ALTA_COMO_PCT_DEL_TOTA_EXPO_PROD;56.331652721;A
131;2021;EXPO_PROD_TECN_MEDI_Y_ALTA_COMO_PCT_DEL_TOTA_EXPO_PROD;53.114779622;A
125;2010;EXPO_PROD_TECN_MEDI_Y_ALTA_COMO_PCT_DEL_TOTA_EXPO_PROD;54.016173729;A
125;2011;EXPO_PROD_TECN_MEDI_Y_ALTA_COMO_PCT_DEL_TOTA_EXPO_PROD;50.48713293;A
125;2012;EXPO_PROD_TECN_MEDI_Y_ALTA_COMO_PCT_DEL_TOTA_EXPO_PROD;53.794542537;A
125;2013;EXPO_PROD_TECN_MEDI_Y_ALTA_COMO_PCT_DEL_TOTA_EXPO_PROD;47.841316353;A
125;2014;EXPO_PROD_TECN_MEDI_Y_ALTA_COMO_PCT_DEL_TOTA_EXPO_PROD;52.399302997;A
125;2015;EXPO_PROD_TECN_MEDI_Y_ALTA_COMO_PCT_DEL_TOTA_EXPO_PROD;54.335679782;A
125;2016;EXPO_PROD_TECN_MEDI_Y_ALTA_COMO_PCT_DEL_TOTA_EXPO_PROD;58.518153222;A
125;2017;EXPO_PROD_TECN_MEDI_Y_ALTA_COMO_PCT_DEL_TOTA_EXPO_PROD;56.58103797;A
125;2018;EXPO_PROD_TECN_MEDI_Y_ALTA_COMO_PCT_DEL_TOTA_EXPO_PROD;52.987977467;A
125;2019;EXPO_PROD_TECN_MEDI_Y_ALTA_COMO_PCT_DEL_TOTA_EXPO_PROD;52.963409265;A
;2020;ESTA_EXPO_PROD_TECN_MEDI_Y_ALTA_COMO_PCT_DEL_TOTA_EXPO_PROD;p;A
;2021;ESTA_EXPO_PROD_TECN_MEDI_Y_ALTA_COMO_PCT_DEL_TOTA_EXPO_PROD;p;A
UE27;2010;ESTA_EXPO_PROD_TECN_MEDI_Y_ALTA_COMO_PCT_DEL_TOTA_EXPO_PROD;--;A
UE27;2011;ESTA_EXPO_PROD_TECN_MEDI_Y_ALTA_COMO_PCT_DEL_TOTA_EXPO_PROD;--;A
UE27;2012;ESTA_EXPO_PROD_TECN_MEDI_Y_ALTA_COMO_PCT_DEL_TOTA_EXPO_PROD;--;A
UE27;2013;ESTA_EXPO_PROD_TECN_MEDI_Y_ALTA_COMO_PCT_DEL_TOTA_EXPO_PROD;--;A
UE27;2014;ESTA_EXPO_PROD_TECN_MEDI_Y_ALTA_COMO_PCT_DEL_TOTA_EXPO_PROD;--;A
UE27;2015;ESTA_EXPO_PROD_TECN_MEDI_Y_ALTA_COMO_PCT_DEL_TOTA_EXPO_PROD;--;A
UE27;2016;ESTA_EXPO_PROD_TECN_MEDI_Y_ALTA_COMO_PCT_DEL_TOTA_EXPO_PROD;--;A
UE27;2017;ESTA_EXPO_PROD_TECN_MEDI_Y_ALTA_COMO_PCT_DEL_TOTA_EXPO_PROD;--;A
UE27;2018;ESTA_EXPO_PROD_TECN_MEDI_Y_ALTA_COMO_PCT_DEL_TOTA_EXPO_PROD;--;A
UE27;2019;ESTA_EXPO_PROD_TECN_MEDI_Y_ALTA_COMO_PCT_DEL_TOTA_EXPO_PROD;--;A
UE27;2020;ESTA_EXPO_PROD_TECN_MEDI_Y_ALTA_COMO_PCT_DEL_TOTA_EXPO_PROD;--;A
UE27;2021;ESTA_EXPO_PROD_TECN_MEDI_Y_ALTA_COMO_PCT_DEL_TOTA_EXPO_PROD;--;A
125;2020;ESTA_EXPO_PROD_TECN_MEDI_Y_ALTA_COMO_PCT_DEL_TOTA_EXPO_PROD;--;A
125;2021;ESTA_EXPO_PROD_TECN_MEDI_Y_ALTA_COMO_PCT_DEL_TOTA_EXPO_PROD;--;A
